id,name,surname,abbreviation
1,"Juan Manuel",Fangio,FAN
2,Luigi,Fagioli,FAG
3,Louis,Rosier,ROS
4,Nino,Farina,FAR
5,Alberto,Ascari,ASC
6,Luigi,Villoresi,VIL
7,Pierre,Levegh,LEV
8,Johnny,Claes,CLA
9,Geoff,Crossley,CRO
10,Toni,Branca,BRA
11,Eugene,Chaboud,CHA
12,Raymond,Sommer,SOM
13,Philippe,Etancelin,ETA
14,"Yves Giraud",Cabantous,CAB
15,Reg,Parnell,PAR
16,Bob,Gerard,GER
17,Cuth,Harrison,HAR
18,David,Hampshire,HAM
19,Joe,Fry,FRY
20,Brian,Shawe-Taylor,SHA
21,Joe,Kelly,KEL
22,Prince,Bira,BIR
23,David,Murray,MUR
24,Toulo,"de Graffenried",DEG
25,Louis,Chiron,CHI
26,Eugene,Martin,MAR
27,Peter,Walker,WAL
28,Tony,Rolt,ROL
29,Leslie,Johnson,JOH
30,Johnnie,Parsons,PAR
31,Bill,Holland,HOL
32,Mauri,Rose,ROS
33,Cecil,Green,GRE
34,Joie,Chitwood,CHI
35,Tony,Bettenhausen,BET
36,Lee,Wallard,WAL
37,Walt,Faulkner,FAU
38,George,Connor,CON
39,Paul,Russo,RUS
40,Pat,Flaherty,FLA
41,Myron,Fohr,FOH
42,Duane,Carter,CAR
43,Mack,Hellings,HEL
44,Jack,McGrath,MCG
45,Troy,Ruttman,RUT
46,Gene,Hartley,HAR
47,Jimmy,Davies,DAV
48,Johnny,McDowell,MCD
49,Walt,Brown,BRO
50,Spider,Webb,WEB
51,Jerry,Hoyt,HOY
52,Walt,Ader,ADE
53,Jackie,Holmes,HOL
54,Jim,Rathmann,RAT
55,Henry,Banks,BAN
56,Fred,Agabashian,AGA
57,Bill,Schindler,SCH
58,Bayliss,Levrett,LEV
59,Jimmy,Jackson,JAC
60,Sam,Hanks,HAN
61,Dick,Rathmann,RAT
62,Duke,Dinsmore,DIN
63,"Jose Froilan",Gonzalez,GON
64,Robert,Manzon,MAN
65,Harry,Schell,SCH
66,Maurice,Trintignant,TRI
67,Franco,Rol,ROL
68,Dorino,Serafini,SER
69,Peter,Whitehead,WHI
70,Guy,Mairesse,MAI
71,Piero,Taruffi,TAR
72,Clemente,Biondetti,BIO
73,Henri,Louveau,LOU
74,Franco,Comotti,COM
75,Consalvo,Sanesi,SAN
76,Paul,Pietsch,PIE
77,Charles,Pozzi,POZ
78,Felice,Bonetto,BON
79,Nello,Pagani,PAG
80,Paco,Godia,GOD
81,Andre,Simon,SIM
82,Georges,Grignard,GRI
83,Andre,Pilette,PIL
84,Duncan,Hamilton,HAM
85,Philip,Fotheringham-Parker,FOT
86,John,James,JAM
87,Mike,Nazaruk,NAZ
88,Manny,Ayulo,AYU
89,Andy,Linden,LIN
90,Bobby,Ball,BAL
91,Carl,Forberg,FOR
92,Duke,Nalon,NAL
93,Gene,Force,FOR
94,Carl,Scarborough,SCA
95,Bill,Mackey,MAC
96,Chuck,Stevenson,STE
97,Chet,Miller,MIL
98,Rodger,Ward,WAR
99,Cliff,Griffith,GRI
100,Bill,Vukovich,VUK
101,Joe,James,JAM
102,Jacques,Swaters,SWA
103,Chico,Landi,LAN
104,Aldo,Gordini,GOR
105,Onofre,Marimon,MAR
106,Rudi,Fischer,FIS
107,Stirling,Moss,MOS
108,George,Abecassis,ABE
109,Peter,Hirt,HIR
110,Mike,Hawthorn,HAW
111,Paul,Frere,FRE
112,Alan,Brown,BRO
113,Charles,"de Tornaco",DET
114,Eric,Brandon,BRA
115,Lance,Macklin,MAC
116,Roger,Laurent,LAU
117,Arthur,Legat,LEG
118,Robert,"O'Brien","O'B"
119,Tony,Gaze,GAZ
120,Robin,Montgomerie-Charrington,MON
121,Jean,Behra,BEH
122,Ken,Wharton,WHA
123,Peter,Collins,COL
124,Jan,Flinterman,FLI
125,Dries,"van der Lof",VAN
126,Ken,Downing,DOW
127,Gino,Bianco,BIA
128,Dennis,Poore,POO
129,Eric,Thompson,THO
130,Roy,Salvadori,SAL
131,Graham,Whitehead,WHI
132,Kenneth,McAlpine,MCA
133,Tony,Crook,CRO
134,Eitel,Cantoni,CAN
135,Art,Cross,CRO
136,Jimmy,Bryan,BRY
137,Jimmy,Reece,REE
138,Jim,Rigsby,RIG
139,George,Fonder,FON
140,Eddie,Johnson,JOH
141,Bob,Sweikert,SWE
142,Bob,Scott,SCO
143,Elie,Bayol,BAY
144,Piero,Carini,CAR
145,Fritz,Riess,RIE
146,Toni,Ulmen,ULM
147,Helmut,Niedermayr,NIE
148,Hans,Klenk,KLE
149,Ernst,Klodwig,KLO
150,Willi,Heeks,HEE
151,Marcel,Balsa,BAL
152,Adolf,Brudes,BRU
153,Gunther,Bechem,BEC
154,Rudolf,Krause,KRA
155,Rudolf,Schoeller,SCH
156,Bill,Aston,AST
157,Theo,Helfrich,HEL
158,Josef,Peters,PET
159,"Hans Von",Stuck,STU
160,Max,"de Terra",DET
161,Fred,Wacker,WAC
162,Georges,Berger,BER
163,Roberto,Mieres,MIE
164,"Oscar Alfredo",Galvez,GAL
165,John,Barber,BAR
166,Carlos,Menditeguy,MEN
167,Pablo,Birger,BIR
168,"Adolfo Schewelm",Cruz,CRU
169,Jimmy,Stewart,STE
170,Jack,Fairman,FAI
171,Ian,Stewart,STE
172,Jimmy,Daywalt,DAY
173,Ernie,McCoy,MCC
174,Johnny,Mantz,MAN
175,Marshall,Teague,TEA
176,Johnny,Thomson,THO
177,Don,Freeland,FRE
178,Cal,Niday,NID
179,Sergio,Mantovani,MAN
180,Luigi,Musso,MUS
181,Umberto,Maglioli,MAG
182,John,Fitch,FIT
183,Hans,Herrmann,HER
184,Rodney,Nuckey,NUC
185,Wolfgang,Seidel,SEI
186,Edgar,Barth,BAR
187,Oswald,Karch,KAR
188,Theo,Fitzau,FIT
189,Kurt,Adolff,ADO
190,Erwin,Bauer,BAU
191,Ernst,Loof,LOO
192,Hermann,Lang,LAN
193,Albert,Scherrer,SCH
194,Karl,Kling,KLI
195,Ottorino,Volonterio,VOL
196,Jacques,Pollet,POL
197,Jorge,Daponte,DAP
198,Roger,Loyer,LOY
199,Don,Beauman,BEA
200,Leslie,Marr,MAR
201,Leslie,Thorne,THO
202,Bill,Whitehouse,WHI
203,Ron,Flockhart,FLO
204,Horace,Gould,GOU
205,John,Riseley-Prichard,RIS
206,Clemar,Bucci,BUC
207,Larry,Crockett,CRO
208,Ed,Elisian,ELI
209,Frank,Armi,ARM
210,Pat,"O'Connor","O'C"
211,Bill,Homeier,HOM
212,Danny,Kladis,KLA
213,Len,Duncan,DUN
214,Cesare,Perdisa,PER
215,Eugenio,Castellotti,CAS
216,Hermano,"da Silva Ramos",DAS
217,Jesus,Iglesias,IGL
218,Alberto,Uria,URI
219,Mike,Sparken,SPA
220,Jack,Brabham,BRA
221,Al,Herman,HER
222,Chuck,Weyant,WEY
223,Shorty,Templeman,TEM
224,Keith,Andrews,AND
225,Eddie,Russo,RUS
226,Ray,Crawford,CRA
227,Al,Keller,KEL
228,Johnny,Boyd,BOY
229,Jean,Lucas,LUC
230,Piero,Scotti,SCO
231,Gerino,Gerini,GER
232,Olivier,Gendebien,GEN
233,Oscar,Gonzalez,GON
234,Luigi,Piotti,PIO
235,Alfonso,"de Portago",DEP
236,Desmond,Titterington,TIT
237,Tony,Brooks,BRO
238,Bruce,Halford,HAL
239,Archie,Scott-Brown,SCO
240,Paul,Emery,EME
241,Bob,Veith,VEI
242,Bob,Christie,CHR
243,Billy,Garrett,GAR
244,Johnnie,Tolan,TOL
245,Jack,Turner,TUR
246,Jo,Bonnier,BON
247,Les,Leston,LES
248,Andre,Milhoux,MIL
249,Giorgio,Scarlatti,SCA
250,Wolfgang,"von Trips",VON
251,Alessandro,"de Tomaso",DET
252,Stuart,Lewis-Evans,LEW
253,Ivor,Bueb,BUE
254,Masten,Gregory,GRE
255,Don,Edmunds,EDM
256,Eddie,Sachs,SAC
257,Mike,Magill,MAG
258,Bill,Cheesbourg,CHE
259,Elmer,George,GEO
260,Mike,MacDowel,MAC
261,Herbert,MacKay-Fraser,MAC
262,Brian,Naylor,NAY
263,"Carel Godin","de Beaufort",DEB
264,Tony,Marsh,MAR
265,Paul,England,ENG
266,Dick,Gibson,GIB
267,Cliff,Allison,ALL
268,"Maria Teresa","de Filippis",DEF
269,Graham,Hill,HIL
270,Phil,Hill,HIL
271,Bruce,McLaren,MCL
272,Robert,"La Caze",LAC
273,Andre,Guelfi,GUE
274,Francois,Picard,PIC
275,Tom,Bridger,BRI
276,Carroll,Shelby,SHE
277,Ian,Burgess,BUR
278,Alan,Stacey,STA
279,George,Amick,AMI
280,Jud,Larson,LAR
281,Dempsey,Wilson,WIL
282,"Anthony Joseph",Foyt,FOY
283,Paul,Goldsmith,GOL
284,Jerry,Unser,UNS
285,Len,Sutton,SUT
286,Art,Bisch,BIS
287,Giulio,Cabianca,CAB
288,Christian,Goethals,GOE
289,Innes,Ireland,IRE
290,Chris,Bristow,BRI
291,Henry,Taylor,TAY
292,Peter,Ashdown,ASH
293,Fritz,"d'Orey","D'O"
294,David,Piper,PIP
295,Mike,Taylor,TAY
296,Dan,Gurney,GUR
297,Mario,"de Araujo Cabral",DEA
298,Chuck,Arnold,ARN
299,Jim,McWithey,MCW
300,Don,Branson,BRA
301,Bobby,Grim,GRI
302,Red,Amick,AMI
303,Colin,Davis,DAV
304,Harry,Blanchard,BLA
305,George,Constantine,CON
306,Bob,Said,SAI
307,Jim,Clark,CLA
308,Lucien,Bianchi,BIA
309,Willy,Mairesse,MAI
310,Chuck,Daigh,DAI
311,Lance,Reventlow,REV
312,Richie,Ginther,GIN
313,Alberto,"Rodriguez Larreta",ROD
314,Roberto,Bonomi,BON
315,Gino,Munaron,MUN
316,Nasif,Estefano,EST
317,Ettore,Chimeri,CHI
318,Antonio,Creus,CRE
319,John,Surtees,SUR
320,Keith,Greene,GRE
321,Lloyd,Ruby,RUB
322,Bud,Tingelstad,TIN
323,Jim,Hurtubise,HUR
324,Wayne,Weiler,WEI
325,Piero,Drogo,DRO
326,Fred,Gamble,GAM
327,Alfonso,Thiele,THI
328,Vic,Wilson,WIL
329,Arthur,Owen,OWE
330,Jim,Hall,HAL
331,Pete,Lovely,LOV
332,Bob,Drake,DRA
333,Jackie,Lewis,LEW
334,Lorenzo,Bandini,BAN
335,Trevor,Taylor,TAY
336,Tony,Maggs,MAG
337,Giancarlo,Baghetti,BAG
338,Tim,Parnell,PAR
339,Gerry,Ashmore,ASH
340,Massimo,Natili,NAT
341,Michael,May,MAY
342,Renato,Pirocchi,PIR
343,Gaetano,Starrabba,STA
344,Nino,Vaccarella,VAC
345,Ricardo,Rodriguez,ROD
346,Roberto,Bussinello,BUS
347,Roberto,Lippi,LIP
348,Bernard,Collomb,COL
349,Roger,Penske,PEN
350,Peter,Ryan,RYA
351,Hap,Sharp,SHA
352,Walt,Hansgen,HAN
353,Jo,Siffert,SIF
354,John,Campbell-Jones,CAM
355,Ben,Pon,PON
356,Tony,Settember,SET
357,Jay,Chamberlain,CHA
358,Tony,Shelly,SHE
359,Neville,Lederle,LED
360,John,Love,LOV
361,Bruce,Johnstone,JOH
362,Ernie,Pieterse,PIE
363,Doug,Serrurier,SER
364,Mike,Harris,HAR
365,Heini,Walter,WAL
366,Heinz,Schiller,SCH
367,Rob,Schroeder,SCH
368,Timmy,Mayer,MAY
369,Chris,Amon,AMO
370,Ludovico,Scarfiotti,SCA
371,Gerhard,Mitter,MIT
372,Mike,Hailwood,HAI
373,Bob,Anderson,AND
374,Ian,Raby,RAB
375,Trevor,Blokdyk,BLO
376,Brausch,Niemann,NIE
377,Peter,"de Klerk",DEK
378,David,Prophet,PRO
379,Sam,Tingle,TIN
380,Mike,Spence,SPE
381,Peter,Broeker,BRO
382,Pedro,Rodriguez,ROD
383,Moises,Solana,SOL
384,Peter,Arundell,ARU
385,Peter,Revson,REV
386,John,Taylor,TAY
387,Frank,Gardner,GAR
388,Jochen,Rindt,RIN
389,Ronnie,Bucknum,BUC
390,Jackie,Stewart,STE
391,Richard,Attwood,ATT
392,Denny,Hulme,HUL
393,John,Rhodes,RHO
394,Paul,Hawkins,HAW
395,Giacomo,Russo,RUS
396,Giorgio,Bassi,BAS
397,Bob,Bondurant,BON
398,Guy,Ligier,LIG
399,Mike,Parkes,PAR
400,Chris,Irwin,IRW
401,Chris,Lawrence,LAW
402,Jean-Pierre,Beltoise,BEL
403,Hubert,Hahne,HAH
404,Jo,Schlesser,SCH
405,Alan,Rees,REE
406,Piers,Courage,COU
407,Kurt,Ahrens,AHR
408,Jacky,Ickx,ICK
409,David,Hobbs,HOB
410,Silvio,Moser,MOS
411,Dave,Charlton,CHA
412,Luki,Botha,BOT
413,Johnny,Servoz-Gavin,SER
414,Jackie,Oliver,OLI
415,Brian,Hart,HAR
416,Mike,Fisher,FIS
417,Eppie,Wietzes,WIE
418,Al,Pease,PEA
419,Jonathan,Williams,WIL
420,Brian,Redman,RED
421,Robin,Widdows,WID
422,Vic,Elford,ELF
423,Jackie,Pretorius,PRE
424,Basil,"van Rooyen",VAN
425,Andrea,"de Adamich",DEA
426,Derek,Bell,BEL
427,Bobby,Unser,UNS
428,Mario,Andretti,AND
429,Henri,Pescarolo,PES
430,Bill,Brack,BRA
431,John,Miles,MIL
432,Rolf,Stommelen,STO
433,Peter,Westbury,WES
434,Xavier,Perrot,PER
435,Francois,Cevert,CEV
436,George,Eaton,EAT
437,John,Cordts,COR
438,Ignazio,Giunti,GIU
439,Ronnie,Peterson,PET
440,Clay,Regazzoni,REG
441,Peter,Gethin,GET
442,Emerson,Fittipaldi,FIT
443,Tim,Schenken,SCH
444,Reine,Wisell,WIS
445,Gus,Hutchison,HUT
446,Howden,Ganley,GAN
447,Alex,Soler-Roig,SOL
448,Gijs,"van Lennep",VAN
449,Skip,Barber,BAR
450,Nanni,Galli,GAL
451,Dave,Walker,WAL
452,Mike,Beuttler,BEU
453,Helmut,Marko,MAR
454,Niki,Lauda,LAU
455,Jean-Pierre,Jarier,JAR
456,Francois,Mazet,MAZ
457,Max,Jean,JEA
458,John,Cannon,CAN
459,Chris,Craft,CRA
460,Sam,Posey,POS
461,Mark,Donohue,DON
462,Carlos,Pace,PAC
463,Wilson,Fittipaldi,FIT
464,Carlos,Reutemann,REU
465,Arturo,Merzario,MER
466,Francois,Migault,MIG
467,Patrick,Depailler,DEP
468,Jody,Scheckter,SCH
469,George,Follmer,FOL
470,James,Hunt,HUN
471,David,Purley,PUR
472,Roger,Williamson,WIL
473,Luiz,Bueno,BUE
474,Rikky,"von Opel",VON
475,John,Watson,WAT
476,Graham,McRae,MCR
477,Jochen,Mass,MAS
478,Eddie,Keizan,KEI
479,Hans-Joachim,Stuck,STU
480,Vittorio,Brambilla,BRA
481,Guy,Edwards,EDW
482,Vern,Schuppan,SCH
483,Teddy,Pilette,PIL
484,Tom,Pryce,PRY
485,Gerard,Larrousse,LAR
486,Richard,Robarts,ROB
487,Dieter,Quester,QUE
488,Ian,Ashley,ASH
489,Jacques,Laffite,LAF
490,Ian,Scheckter,SCH
491,Paddy,Driver,DRI
492,Tom,Belso,BEL
493,Leo,Kinnunen,KIN
494,Bertil,Roos,ROO
495,Mike,Wilds,WIL
496,Jose,Dolhem,DOL
497,Helmuth,Koinigg,KOI
498,Lella,Lombardi,LOM
499,Tony,Brise,BRI
500,Roelof,Wunderink,WUN
501,Bob,Evans,EVA
502,Alan,Jones,JON
503,Brian,Henton,HEN
504,John,Nicholson,NIC
505,Dave,Morgan,MOR
506,Jim,Crawford,CRA
507,Brett,Lunger,LUN
508,Harald,Ertl,ERT
509,Jo,Vonlanthen,VON
510,Guy,Tunmer,TUN
511,Torsten,Palm,PAL
512,Damien,Magee,MAG
513,Renzo,Zorzi,ZOR
514,Jean-Pierre,Jabouille,JAB
515,Michel,Leclere,LEC
516,Gunnar,Nilsson,NIL
517,Larry,Perkins,PER
518,Loris,Kessel,KES
519,Patrick,Neve,NEV
520,Boy,Hayje,HAY
521,Conny,Andersson,AND
522,Ingo,Hoffmann,HOF
523,Alessandro,Pesenti-Rossi,PES
524,Hans,Binder,BIN
525,Alex,Ribeiro,RIB
526,Warwick,Brown,BRO
527,Noritake,Takahara,TAK
528,Masahiro,Hasemi,HAS
529,Kazuyoshi,Hoshino,HOS
530,Emilio,"de Villota",DEV
531,Rupert,Keegan,KEE
532,Riccardo,Patrese,PAT
533,Patrick,Tambay,TAM
534,Gilles,Villeneuve,VIL
535,Danny,Ongais,ONG
536,Bruno,Giacomelli,GIA
537,Kunimitsu,Takahashi,TAK
538,Hector,Rebaque,REB
539,Hans,Heyer,HEY
540,Didier,Pironi,PIR
541,Rene,Arnoux,ARN
542,Keke,Rosberg,ROS
543,Nelson,Piquet,PIQ
544,Derek,Daly,DAL
545,Lamberto,Leoni,LEO
546,Eddie,Cheever,CHE
547,Bobby,Rahal,RAH
548,Michael,Bleekemolen,BLE
549,Jan,Lammers,LAM
550,Elio,"de Angelis",DEA
551,Patrick,Gaillard,GAI
552,Marc,Surer,SUR
553,Ricardo,Zunino,ZUN
554,Geoff,Lees,LEE
555,Alain,Prost,PRO
556,Tiff,Needell,NEE
557,Dave,Kennedy,KEN
558,Nigel,Mansell,MAN
559,Mike,Thackwell,THA
560,Stefan,Johansson,JOH
561,Andrea,"de Cesaris",DEC
562,Manfred,Winkelhock,WIN
563,Chico,Serra,SER
564,Eliseo,Salazar,SAL
565,Siegfried,Stohr,STO
566,Michele,Alboreto,ALB
567,Piercarlo,Ghinzani,GHI
568,Beppe,Gabbiani,GAB
569,Slim,Borgudd,BOR
570,Derek,Warwick,WAR
571,"Miguel Angel",Guerra,GUE
572,Raul,Boesel,BOE
573,Mauro,Baldi,BAL
574,Teo,Fabi,FAB
575,Roberto,Guerrero,GUE
576,Tommy,Byrne,BYR
577,Riccardo,Paletti,PAL
578,Thierry,Boutsen,BOU
579,Jonathan,Palmer,PAL
580,Danny,Sullivan,SUL
581,Johnny,Cecotto,CEC
582,Corrado,Fabi,FAB
583,Kenny,Acheson,ACH
584,Francois,Hesnault,HES
585,Jo,Gartner,GAR
586,Philippe,Alliot,ALL
587,Ayrton,Senna,SEN
588,Huub,Rothengatter,ROT
589,Gerhard,Berger,BER
590,Philippe,Streiff,STR
591,Christian,Danner,DAN
592,Ivan,Capelli,CAP
593,Martin,Brundle,BRU
594,Pierluigi,Martini,MAR
595,Stefan,Bellof,BEL
596,Johnny,Dumfries,DUM
597,Alessandro,Nannini,NAN
598,Allen,Berg,BER
599,Alex,Caffi,CAF
600,Satoru,Nakajima,NAK
601,Adrian,Campos,CAM
602,Pascal,Fabre,FAB
603,Nicola,Larini,LAR
604,Franco,Forini,FOR
605,Yannick,Dalmas,DAL
606,Roberto,Moreno,MOR
607,Gabriele,Tarquini,TAR
608,Stefano,Modena,MOD
609,Mauricio,Gugelmin,GUG
610,Luis,Perez-Sala,PER
611,Bernd,Schneider,SCH
612,Julian,Bailey,BAI
613,Oscar,Larrauri,LAR
614,"Jean Louis",Schlesser,SCH
615,Aguri,Suzuki,SUZ
616,Jean,Alesi,ALE
617,Emanuele,Pirro,PIR
618,Olivier,Grouillard,GRO
619,Jyrki,Jarvilehto,JAR
620,Bertrand,Gachot,GAC
621,Johnny,Herbert,HER
622,Eric,Bernard,BER
623,"Pierre Henri",Raphanel,RAP
624,Martin,Donnelly,DON
625,David,Brabham,BRA
626,Gianni,Morbidelli,MOR
627,Paolo,Barilla,BAR
628,Gregor,Foitek,FOI
629,Michael,Schumacher,MSC
630,Alessandro,Zanardi,ZAN
631,Mark,Blundell,BLU
632,Erik,Comas,COM
633,Mika,Hakkinen,HAK
634,Karl,Wendlinger,WEN
635,Eric,"van de Poele",VAN
636,Christian,Fittipaldi,FIT
637,Paul,Belmondo,BEL
638,Andrea,Chiesa,CHI
639,Emanuele,Naspetti,NAS
640,Ukyo,Katayama,KAT
641,Damon,Hill,HIL
642,Fabrizio,Barbazza,BAR
643,Rubens,Barrichello,BAR
644,Michael,Andretti,AND
645,Luca,Badoer,BAD
646,Pedro,Lamy,LAM
647,Eddie,Irvine,IRV
648,Toshio,Suzuki,SUZ
649,Jean-Marc,Gounon,GOU
650,Heinz-Harald,Frentzen,FRE
651,Olivier,Panis,PAN
652,Domenico,Schiattarella,SCH
653,Jos,Verstappen,VER
654,Hideki,Noda,NOD
655,David,Coulthard,COU
656,Olivier,Beretta,BER
657,Philippe,Adams,ADA
658,Mika,Salo,SAL
659,Franck,Lagorce,LAG
660,Taki,Inoue,INO
661,Roland,Ratzenberger,RAT
662,Jean-Denis,Deletraz,DEL
663,Massimiliano,Papis,PAP
664,Pedro,Diniz,DIN
665,Andrea,Montermini,MON
666,Jean-Christophe,Boullion,BOU
667,Giovanni,Lavaggi,LAV
668,Jan,Magnussen,MAG
669,Jacques,Villeneuve,VIL
670,Ricardo,Rosset,ROS
671,Giancarlo,Fisichella,FIS
672,Tarso,Marques,MAR
673,Shinji,Nakano,NAK
674,Norberto,Fontana,FON
675,Ralf,Schumacher,RSC
676,Jarno,Trulli,TRU
677,Alexander,Wurz,WUR
678,Toranosuke,Takagi,TAK
679,Esteban,Tuero,TUE
680,Marc,Gene,GEN
681,Ricardo,Zonta,ZON
682,Pedro,"de la Rosa",DLR
683,Stephane,Sarrazin,SAR
684,Gaston,Mazzacane,MAZ
685,Jenson,Button,BUT
686,Nick,Heidfeld,HEI
687,Luciano,Burti,BUR
688,"Juan Pablo",Montoya,MOY
689,Kimi,"Räikkönen",RAI
690,Fernando,Alonso,ALO
691,Enrique,Bernoldi,BER
692,Tomas,Enge,ENG
693,Alex,Yoong,YOO
694,Felipe,Massa,MAS
695,Allan,McNish,MCN
696,Mark,Webber,WEB
697,Takuma,Sato,SAT
698,Anthony,Davidson,DAV
699,Antonio,Pizzonia,PIZ
700,Ralph,Firman,FIR
701,Justin,Wilson,WIL
702,Cristiano,"da Matta",DAM
703,Nicolas,Kiesa,KIE
704,Zsolt,Baumgartner,BAU
705,Christian,Klien,KLI
706,Giorgio,Pantano,PAN
707,Gianmaria,Bruni,BRU
708,Timo,Glock,GLO
709,Vitantonio,Liuzzi,LIU
710,Tiago,Monteiro,MON
711,Narain,Karthikeyan,KAR
712,Christijan,Albers,ALB
713,Patrick,Friesacher,FRI
714,Robert,Doornbos,DOO
715,Nico,Rosberg,ROS
716,Scott,Speed,SPE
717,Franck,Montagny,MON
718,Robert,Kubica,KUB
719,Sakon,Yamamoto,YAM
720,Yuji,Ide,IDE
721,Heikki,Kovalainen,KOV
722,Lewis,Hamilton,HAM
723,Markus,Winkelhock,WIN
724,Adrian,Sutil,SUT
725,Sebastian,Vettel,VET
726,Kazuki,Nakajima,NAK
727,Sebastien,Bourdais,BOU
728,Nelson,"Piquet Jr.",PIQ
729,Romain,Grosjean,GRO
730,Jaime,Alguersuari,ALG
731,Sebastien,Buemi,BUE
732,Kamui,Kobayashi,KOB
733,Vitaly,Petrov,PET
734,Lucas,"di Grassi",DIG
735,Karun,Chandhok,CHD
736,Bruno,Senna,SEN
737,Nico,Hulkenberg,HUL
738,Sergio,Perez,PER
739,Paul,"di Resta",DIR
740,Pastor,Maldonado,MAL
741,Jerome,"d'Ambrosio",DAM
742,Daniel,Ricciardo,RIC
743,Charles,Pic,PIC
744,Jean-Eric,Vergne,VER
745,Esteban,Gutierrez,GUT
746,Valtteri,Bottas,BOT
747,Jules,Bianchi,BIA
748,Max,Chilton,CHI
749,Giedo,"van der Garde",VDG
750,Kevin,Magnussen,MAG
751,Daniil,Kvyat,KVY
752,Marcus,Ericsson,ERI
753,Andre,Lotterer,LOT
754,Will,Stevens,STE
755,Carlos,Sainz,SAI
756,Max,Verstappen,VER
757,Felipe,Nasr,NAS
758,Roberto,Merhi,MER
759,Alexander,Rossi,RSI
760,Jolyon,Palmer,PAL
761,Pascal,Wehrlein,WEH
762,Rio,Haryanto,HAR
763,Esteban,Ocon,OCO
764,Stoffel,Vandoorne,VAN
765,Lance,Stroll,STR
766,Pierre,Gasly,GAS
767,Brendon,Hartley,HAR
768,Antonio,Giovinazzi,GIO
769,Charles,Leclerc,LEC
770,Sergey,Sirotkin,SIR
771,Alexander,Albon,ALB
772,George,Russell,RUS
773,Lando,Norris,NOR
774,Nicholas,Latifi,LAT
775,Jack,Aitken,AIT
776,Pietro,Fittipaldi,FIT
777,Mick,Schumacher,MSC
778,Nikita,Mazepin,MAZ
779,Yuki,Tsunoda,TSU
